tileset,size,time
CarcassonneTileset,64,0.020874254100000003
BasicTileset,64,0.0161661416
Summer,64,NaN
Castle,64,NaN
Circuit,64,0.0273656624
CarcassonneTileset,128,0.09456466250000001
BasicTileset,128,0.0867511749
Summer,128,NaN
Castle,128,NaN
Circuit,128,0.14206444605000002
CarcassonneTileset,256,0.38635216045
BasicTileset,256,0.35985233739999994
Summer,256,NaN
Castle,256,NaN
Circuit,256,0.58765169565
