tileset,size,time
CarcassonneTileset,64,0.058898412600000005
BasicTileset,64,0.01659585425
Summer,64,0.35208003335
Castle,64,0.03810609795
Circuit,64,0.036883093650000004
CarcassonneTileset,128,0.5276491251500002
BasicTileset,128,0.16982407714999997
Summer,128,NaN
Castle,128,0.5469851187499999
Circuit,128,0.36095478335000003
CarcassonneTileset,256,6.634083672899999
BasicTileset,256,2.31738517075
Summer,256,NaN
Castle,256,NaN
Circuit,256,4.64447595835
